temp,e/s/pix
-20,0.00298
-15,0.00298
-10,0.00362
-5,0.00456
0,0.0067
5,0.00912
10,0.01448
15,0.02298
20,0.03648
25,0.05792
