temp,e/s/pix
-20,0.006200785
-15,0.008437967
-10,0.010631172
-5,0.016875933
0,0.03125
5,0.049606283
10,0.085049375
15,0.135007467
25,0.3401975
